name	affinity	chain_iptm	chain_pair_iptm	chain_pair_pae_min	chain_ptm	fraction_disordered	has_clash	iptm	num_recycles	ptm	ranking_score
fold_2024_07_12_09_53_sp_group_model_0	-23.3	0.29,0.29	0.58,0.29,0.29,0.19	0.76,13.18,17.15,0.76	0.58,0.19	0.12	0	0.29	10	0.56	0.4
fold_2024_07_12_11_24_sp_harxl44_model_0	-13.9	0.44,0.44	0.52,0.44,0.44,0.24	0.76,4.54,3.39,0.76	0.52,0.24	0.64	0	0.44	10	0.43	0.76
fold_2024_07_12_11_25_sp_avrb_group_model_0	-19.9	0.29,0.29	0.09,0.29,0.29,0.83	0.76,7.7,7.33,0.76	0.09,0.83	0.47	0	0.29	10	0.57	0.58
fold_2024_07_12_11_27_sp_atr1_group_model_0	-11.7	0.19,0.19	0.31,0.19,0.19,0.72	0.76,14,14.93,0.76	0.31,0.72	0.29	0	0.19	10	0.42	0.37
fold_2024_07_12_11_28_sp_atr13_group_model_0	-23.9	0.19,0.19	0.57,0.19,0.19,0.29	0.76,18.71,18.84,0.76	0.57,0.29	0.2	0	0.19	10	0.51	0.36
fold_2024_07_12_11_29_sp_harxl73_model_0	-31.0	0.22,0.22	0.55,0.22,0.22,0.33	0.76,19.07,17.36,0.76	0.55,0.33	0.21	0	0.22	10	0.42	0.37
fold_2024_07_12_11_29_sp_harxl79_model_0	-18.4	0.18,0.18	0.58,0.18,0.18,0.37	0.76,14.17,16.04,0.76	0.58,0.37	0.26	0	0.18	10	0.51	0.37
fold_2024_07_12_11_30_sp_harxll60_model_0	-28.0	0.18,0.18	0.61,0.18,0.18,0.31	0.76,15.67,16.93,0.76	0.61,0.31	0.34	0	0.18	10	0.53	0.42
fold_2024_07_12_11_31_sp_harxll73_group_model_0	-20.1	0.2,0.2	0.6,0.2,0.2,0.17	0.76,16.23,17.63,0.76	0.6,0.17	0.38	0	0.2	10	0.52	0.45
fold_2024_07_12_11_32_sp_hopab_group_model_0	-28.0	0.19,0.19	0.56,0.19,0.19,0.29	0.76,21.4,19.23,0.76	0.56,0.29	0.32	0	0.19	10	0.4	0.4
fold_2024_07_12_11_33_sp_harxll73_group_model_0	-10.5	0.3,0.3	0.6,0.3,0.3,0.24	0.76,9.13,8.6,0.76	0.6,0.24	0.4	0	0.3	10	0.51	0.54
fold_2024_07_12_11_34_tr_hopab_group_model_0	-32.5	0.47,0.47	0.53,0.47,0.47,0.27	0.76,4.73,2.44,0.76	0.53,0.27	0.21	0	0.47	10	0.42	0.57
fold_2024_07_12_11_35_sp_hopr1_group_model_0	-13.8	0.22,0.22	0.56,0.22,0.22,0.58	0.76,25.22,25.84,0.76	0.56,0.58	0.06	0	0.22	10	0.56	0.32
fold_2024_07_12_11_36_sp_atr1_group_model_0	-12.5	0.21,0.21	0.17,0.21,0.21,0.75	0.76,17.1,20.38,0.76	0.17,0.75	0.59	0	0.21	10	0.37	0.54
fold_2024_07_12_11_36_sp_m4a_model_0	-10.0	0.18,0.18	0.18,0.18,0.18,0.61	0.76,16.68,17.1,0.76	0.18,0.61	0.77	0	0.18	10	0.24	0.58
fold_2024_07_12_11_39_sp_harxl106_group_model_0	-18.9	0.28,0.28	0.14,0.28,0.28,0.57	0.76,8.06,7.85,0.76	0.14,0.57	0.72	0	0.28	10	0.32	0.65
fold_2024_07_12_11_39_sp_harxl108_model_0	-7.5	0.13,0.13	0.19,0.13,0.13,0.25	0.76,17.03,13.94,0.76	0.19,0.25	0.78	0	0.13	10	0.19	0.54
fold_2024_07_12_11_40_sp_harxl18_model_0	-11.6	0.12,0.12	0.18,0.12,0.12,0.27	0.76,25.02,20.41,0.76	0.18,0.27	0.8	0	0.12	10	0.17	0.53
fold_2024_07_12_11_40_sp_harxl21_model_0	-13.7	0.22,0.22	0.17,0.22,0.22,0.57	0.76,12.26,13.81,0.76	0.17,0.57	0.54	0	0.22	10	0.35	0.52
fold_2024_07_12_11_41_sp_harxl22_model_0	-8.8	0.12,0.12	0.18,0.12,0.12,0.5	0.76,25.51,20.87,0.76	0.18,0.5	0.6	0	0.12	10	0.3	0.46
fold_2024_07_12_15_04_at3g49580_hopv1_group_model_0	-8.6	0.23,0.23	0.38,0.23,0.23,0.62	0.76,13.17,13.3,0.76	0.38,0.62	0.35	0	0.23	10	0.55	0.47
fold_2024_07_12_15_08_at3g49580_hopr1_group_model_0	-37.0	0.28,0.28	0.24,0.28,0.28,0.69	0.76,20.03,18.3,0.76	0.24,0.69	0.08	0	0.28	10	0.68	0.4
fold_2024_07_12_15_10_at3g60600_harxll492_model_0	-6.7	0.36,0.36	0.51,0.36,0.36,0.24	0.76,6.66,4.41,0.76	0.51,0.24	0.62	0	0.36	10	0.39	0.67
fold_2024_07_12_15_11_at3g60600_harxll493_model_0	-12.7	0.16,0.16	0.44,0.16,0.16,0.25	0.76,14.51,15.26,0.76	0.44,0.25	0.36	0	0.16	10	0.27	0.37
fold_2024_07_12_15_11_at3g60600_harxll495_model_0	-8.4	0.17,0.17	0.52,0.17,0.17,0.22	0.76,6.1,8.37,0.76	0.52,0.22	0.66	0	0.17	10	0.4	0.55
fold_2024_07_12_15_12_at3g61200_atr1_group_model_0	-7.8	0.12,0.12	0.61,0.12,0.12,0.73	0.76,20.47,20.3,0.76	0.61,0.73	0.18	0	0.12	10	0.51	0.29
fold_2024_07_12_15_13_at3g61790_atr13_group_model_0	-10.5	0.3,0.3	0.57,0.3,0.3,0.29	0.76,12.64,12.04,0.76	0.57,0.29	0.29	0	0.3	10	0.46	0.48
fold_2024_07_12_15_13_at4g00710_avrrpt2_group_model_0	-11.1	0.54,0.54	0.77,0.54,0.54,0.66	0.76,6.22,6.74,0.76	0.77,0.66	0.11	0	0.54	10	0.71	0.63
fold_2024_07_12_15_14_at4g00980_atr1_group_model_0	-19.5	0.32,0.32	0.27,0.32,0.32,0.73	0.76,7.11,8.23,0.76	0.27,0.73	0.27	0	0.32	10	0.41	0.48
fold_2024_07_12_15_15_at3g51960_avrb_group_model_0	-17.4	0.49,0.49	0.27,0.49,0.49,0.83	0.76,4.89,3.43,0.76	0.27,0.83	0.41	0	0.49	10	0.58	0.72
fold_2024_07_12_15_15_at3g51960_avrc_group_model_0	-15.4	0.52,0.52	0.2,0.52,0.52,0.81	0.76,4.41,4.16,0.76	0.2,0.81	0.38	0	0.52	10	0.56	0.72
fold_2024_07_12_15_16_at3g53350_hopag1_psy_model_0	-10.6	0.14,0.14	0.25,0.14,0.14,0.42	0.76,24.14,23.08,0.76	0.25,0.42	0.13	0	0.14	10	0.35	0.25
fold_2024_07_12_15_16_at3g54170_harxl73_model_0	-21.5	0.27,0.27	0.21,0.27,0.27,0.37	0.76,7.03,7.4,0.76	0.21,0.37	0.31	0	0.27	10	0.29	0.43
fold_2024_07_12_15_16_at3g54390_harxll470_waco9_model_0	-21.4	0.45,0.45	0.34,0.45,0.45,0.77	0.76,4.98,4.01,0.76	0.34,0.77	0.37	0	0.45	10	0.57	0.66
fold_2024_07_12_15_17_at3g54850_atr13_group_model_0	-17.8	0.15,0.15	0.47,0.15,0.15,0.31	0.76,20.42,19.53,0.76	0.47,0.31	0.09	0	0.15	10	0.42	0.25
fold_2024_07_12_15_17_at3g54850_harxl73_model_0	-29.9	0.18,0.18	0.46,0.18,0.18,0.32	0.76,19.18,17.56,0.76	0.46,0.32	0.11	0	0.18	10	0.35	0.27
fold_2024_07_12_15_18_at3g56270_atr1_group_model_0	-10.5	0.2,0.2	0.26,0.2,0.2,0.74	0.76,16.75,17.61,0.76	0.26,0.74	0.36	0	0.2	10	0.39	0.42
fold_2024_07_12_15_19_at3g50910_atr13_group_model_0	-8.8	0.13,0.13	0.26,0.13,0.13,0.2	0.76,17.63,15.23,0.76	0.26,0.2	0.79	0	0.13	10	0.24	0.55
fold_2024_07_12_15_19_at3g56270_harxll60_model_0	-7.9	0.15,0.15	0.23,0.15,0.15,0.21	0.76,17.18,17.19,0.76	0.23,0.21	0.51	0	0.15	10	0.23	0.42
fold_2024_07_12_15_19_at3g57720_hopab_group_model_0	-22.7	0.66,0.66	0.83,0.66,0.66,0.28	0.76,6.33,3.7,0.76	0.83,0.28	0.26	0	0.66	10	0.48	0.75
fold_2024_07_12_16_05_at3g47620_harxl39_model_0	-9.5	0.15,0.15	0.15,0.15,0.15,0.27	0.76,14.12,16.2,0.76	0.15,0.27	0.74	0	0.15	10	0.18	0.53
fold_2024_07_12_16_07_at3g47620_harxl40_group_model_0	-9.5	0.12,0.12	0.19,0.12,0.12,0.21	0.76,23.41,18.9,0.76	0.19,0.21	0.9	0	0.12	10	0.19	0.58
fold_2024_07_12_16_08_at3g47620_harxl42_model_0	-6.4	0.14,0.14	0.19,0.14,0.14,0.34	0.76,16.95,11.64,0.76	0.19,0.34	0.91	0	0.14	10	0.19	0.6
fold_2024_07_12_16_09_at3g47620_harxl45_group_model_0	-7.1	0.12,0.12	0.19,0.12,0.12,0.11	0.76,15.65,14.96,0.77	0.19,0.11	0.94	0	0.12	10	0.19	0.6
fold_2024_07_12_16_10_at3g47620_harxl47_group_model_0	-5.3	0.1,0.1	0.19,0.1,0.1,0.3	0.76,25.49,20.99,0.76	0.19,0.3	0.77	0	0.1	10	0.18	0.5
fold_2024_07_12_16_10_at3g47620_harxl57_model_0	-25.8	0.17,0.17	0.15,0.17,0.17,0.38	0.76,16.54,17.79,0.76	0.15,0.38	0.71	0	0.17	10	0.2	0.53
fold_2024_07_12_16_11_at3g47620_harxl67_model_0	-8.7	0.13,0.13	0.19,0.13,0.13,0.26	0.76,21.01,14.23,0.76	0.19,0.26	0.83	0	0.13	10	0.19	0.56
fold_2024_07_12_16_12_at3g47620_harxl69_model_0	-14.6	0.28,0.28	0.16,0.28,0.28,0.3	0.76,12.55,12.92,0.76	0.16,0.3	0.8	0	0.28	10	0.18	0.66
fold_2024_07_12_16_12_at3g47620_harxlcrn15_model_0	-17.1	0.21,0.21	0.17,0.21,0.21,0.67	0.76,19.1,16.57,0.76	0.17,0.67	0.44	0	0.21	10	0.47	0.49
fold_2024_07_12_16_13_at3g47620_harxlcrn4_model_0	-20.8	0.22,0.22	0.16,0.22,0.22,0.66	0.76,6.93,6.86,0.76	0.16,0.66	0.51	0	0.22	10	0.42	0.51
fold_2024_07_12_16_14_at3g47620_harxll429_model_0	-13.7	0.12,0.12	0.17,0.12,0.12,0.2	0.76,26.59,26.95,0.76	0.17,0.2	0.01	0	0.12	10	0.18	0.13
fold_2024_07_12_16_14_at3g47620_harxll441_model_0	-16.2	0.26,0.26	0.17,0.26,0.26,0.82	0.76,15.22,14.27,0.76	0.17,0.82	0.58	0	0.26	10	0.42	0.58
fold_2024_07_12_16_15_at3g47620_harxll455_model_0	-7.7	0.32,0.32	0.19,0.32,0.32,0.31	0.76,7.13,6.57,0.76	0.19,0.31	0.92	0	0.32	10	0.21	0.76
fold_2024_07_12_16_16_at3g47620_harxll464_model_0	-12.8	0.31,0.31	0.15,0.31,0.31,0.25	0.76,7.18,9,0.76	0.15,0.25	0.69	0	0.31	10	0.2	0.64
fold_2024_07_12_16_17_at3g47620_harxll470_waco9_model_0	-21.9	0.21,0.21	0.18,0.21,0.21,0.77	0.76,12.99,14.28,0.76	0.18,0.77	0.56	0	0.21	10	0.42	0.53
fold_2024_07_12_16_19_at3g47620_harxll73_model_0	-9.0	0.17,0.17	0.17,0.17,0.17,0.44	0.76,13.05,10.12,0.76	0.17,0.44	0.73	0	0.17	10	0.25	0.55
fold_2024_07_12_16_19_at3g47620_hopbb1_pmo_model_0	-15.0	0.29,0.29	0.17,0.29,0.29,0.69	0.76,8.6,6.02,0.76	0.17,0.69	0.65	0	0.29	10	0.35	0.62
fold_2024_07_12_16_55_at1g22920_1_sp_harxl16_model_0	-13.0	0.12,0.12	0.55,0.12,0.12,0.3	0.76,18.18,18.39,0.76	0.55,0.3	0.16	0	0.12	10	0.4	0.25
fold_2024_07_12_16_58_at1g22920_1_sp_harxl62_model_0	-22.8	0.12,0.12	0.54,0.12,0.12,0.22	0.76,19.43,18.61,0.76	0.54,0.22	0.25	0	0.12	10	0.45	0.31
fold_2024_07_12_16_59_at1g22920_1_sp_harxl68_model_0	-13.9	0.13,0.13	0.58,0.13,0.13,0.25	0.76,18.73,17.92,0.76	0.58,0.25	0.19	0	0.13	10	0.5	0.3
fold_2024_07_12_16_59_at1g22920_1_sp_harxl69_model_0	-15.6	0.2,0.2	0.52,0.2,0.2,0.29	0.76,17.76,18.28,0.76	0.52,0.29	0.11	0	0.2	10	0.46	0.31
fold_2024_07_12_17_00_at1g22920_1_sp_harxll108_model_0	-8.7	0.16,0.16	0.61,0.16,0.16,0.2	0.76,11.24,13.25,0.76	0.61,0.2	0.25	0	0.16	10	0.53	0.35
fold_2024_07_12_17_01_at1g22920_1_sp_harxll445_group_model_0	-16.0	0.44,0.44	0.56,0.44,0.44,0.42	0.76,4.42,4.02,0.76	0.56,0.42	0.24	0	0.44	10	0.52	0.58
fold_2024_07_12_17_03_at1g22920_1_sp_harxll516_waco9_model_0	-17.0	0.11,0.11	0.54,0.11,0.11,0.21	0.76,24.01,25.24,0.76	0.54,0.21	0.14	0	0.11	10	0.38	0.23
fold_2024_07_12_17_05_at1g22920_1_sp_hopao1_group_model_0	-15.6	0.18,0.18	0.55,0.18,0.18,0.63	0.76,21.14,16.61,0.76	0.55,0.63	0.12	0	0.18	10	0.45	0.29
fold_2024_07_12_17_05_at1g22920_1_sp_hopar1_group_model_0	-12.1	0.14,0.14	0.55,0.14,0.14,0.85	0.76,20.86,18.23,0.76	0.55,0.85	0.12	0	0.14	10	0.42	0.26
fold_2024_07_12_17_06_at1g22920_1_sp_hopat1_pph_1448a_model_0	-12.0	0.13,0.13	0.6,0.13,0.13,0.23	0.76,16.56,16.15,0.76	0.6,0.23	0.32	0	0.13	10	0.52	0.37
fold_2024_07_12_17_06_at1g22920_1_sp_hopbf1_pla_107_model_0	-11.2	0.17,0.17	0.52,0.17,0.17,0.87	0.76,20.12,13.21,0.76	0.52,0.87	0.13	0	0.17	10	0.52	0.3
fold_2024_07_12_17_07_at1g22920_1_sp_hopf_group_model_0	-14.5	0.17,0.17	0.55,0.17,0.17,0.71	0.76,18.32,12.41,0.76	0.55,0.71	0.16	0	0.17	10	0.42	0.3
fold_2024_07_12_17_07_at1g22920_1_sp_hopo1_2_pto_dc3000_model_0	-14.8	0.24,0.24	0.55,0.24,0.24,0.67	0.76,15.07,19.03,0.76	0.55,0.67	0.19	0	0.24	10	0.39	0.37
fold_2024_07_12_17_08_at1g22920_1_sp_hopp1_pto_dc3000_model_0	-22.9	0.17,0.17	0.54,0.17,0.17,0.46	0.76,12.79,14.11,0.76	0.54,0.46	0.28	0	0.17	10	0.37	0.35
fold_2024_07_12_17_09_at1g24050_1_tr_hopao1_group_model_0	-19.0	0.43,0.43	0.39,0.43,0.43,0.64	0.76,1.14,1.25,0.76	0.39,0.64	0.15	0	0.43	10	0.55	0.53
fold_2024_07_12_17_09_at1g25490_1_sp_atr1_group_model_0	-13.4	0.36,0.36	0.72,0.36,0.36,0.67	0.76,13.34,12.7,0.76	0.72,0.67	0.01	0	0.36	10	0.57	0.41
fold_2024_07_12_17_10_at1g25490_1_sp_harxl16_model_0	-12.2	0.16,0.16	0.65,0.16,0.16,0.18	0.76,21.49,23.59,0.76	0.65,0.18	0.03	0	0.16	10	0.54	0.25
fold_2024_07_12_17_10_at1g27300_1_tr_harxll492_model_0	-5.4	0.12,0.12	0.29,0.12,0.12,0.22	0.76,9.53,10.57,0.76	0.29,0.22	0.78	0	0.12	10	0.25	0.54
fold_2024_07_13_15_39_tr_harxl14_model_0	-13.1	0.2,0.2	0.71,0.2,0.2,0.19	0.76,16.46,16.29,0.76	0.71,0.19	0.21	0	0.2	10	0.62	0.39
fold_2024_07_13_15_39_tr_harxll492_model_0	-7.0	0.26,0.26	0.31,0.26,0.26,0.25	0.76,5.72,6.44,0.76	0.31,0.25	0.82	0	0.26	10	0.3	0.68
fold_2024_07_13_15_40_tr_harxll493_model_0	-13.2	0.13,0.13	0.22,0.13,0.13,0.25	0.76,17.67,17.41,0.76	0.22,0.25	0.63	0	0.13	10	0.2	0.46
fold_2024_07_13_15_41_sp_atr13_group_model_0	-8.3	0.16,0.16	0.55,0.16,0.16,0.23	0.76,17.3,16.36,0.76	0.55,0.23	0.37	0	0.16	10	0.49	0.41
fold_2024_07_13_15_41_tr_harxll495_model_0	-7.8	0.29,0.29	0.31,0.29,0.29,0.27	0.76,7.12,7.51,0.76	0.31,0.27	0.85	0	0.29	10	0.31	0.72
fold_2024_07_15_09_10_at4g17680_avrc_group_model_0	-15.1	0.56,0.56	0.25,0.56,0.56,0.78	0.76,4.37,4.1,0.76	0.25,0.78	0.47	0	0.56	10	0.54	0.79
fold_2024_07_15_09_11_at4g17680_hopab_group_model_0	-5.6	0.15,0.15	0.26,0.15,0.15,0.27	0.76,19.2,12.32,0.76	0.26,0.27	0.54	0	0.15	10	0.23	0.44
fold_2024_07_15_09_11_at4g17680_hopr1_group_model_0	-54.8	0.24,0.24	0.17,0.24,0.24,0.68	0.76,19.57,19.13,0.76	0.17,0.68	0.13	0	0.24	10	0.63	0.39
fold_2024_07_15_09_12_at4g17710_avrb_group_model_0	-19.2	0.61,0.61	0.62,0.61,0.61,0.8	0.76,4.15,3.09,0.76	0.62,0.8	0.21	0	0.61	10	0.49	0.69
fold_2024_07_15_09_12_at4g19030_harxll493_model_0	-6.0	0.14,0.14	0.65,0.14,0.14,0.26	0.76,23.67,22.02,0.76	0.65,0.26	0.28	0	0.14	10	0.37	0.32
fold_2024_07_15_09_13_at4g19030_harxll495_model_0	-9.3	0.15,0.15	0.69,0.15,0.15,0.23	0.76,16.31,14.53,0.76	0.69,0.23	0.44	0	0.15	10	0.54	0.45
fold_2024_07_15_09_13_at4g19030_hopd1_group_model_0	-9.3	0.13,0.13	0.67,0.13,0.13,0.3	0.76,24.25,25.81,0.76	0.67,0.3	0.19	0	0.13	10	0.31	0.26
fold_2024_07_15_09_13_at4g19700_atr1_group_model_0	-10.0	0.42,0.42	0.24,0.42,0.42,0.75	0.76,7.09,5.69,0.76	0.24,0.75	0.34	0	0.42	10	0.49	0.61
fold_2024_07_15_09_14_at4g19700_atr13_group_model_0	-15.9	0.1,0.1	0.25,0.1,0.1,0.27	0.76,21.11,18.17,0.76	0.25,0.27	0.48	0	0.1	10	0.22	0.37
fold_2024_07_15_09_14_at4g19700_harxl10_waco9_model_0	-6.2	0.1,0.1	0.22,0.1,0.1,0.24	0.76,22.92,20.27,0.76	0.22,0.24	0.37	0	0.1	10	0.18	0.3
fold_2024_07_15_09_15_at4g19700_harxl44_model_0	-7.2	0.1,0.1	0.3,0.1,0.1,0.24	0.76,22.86,18.86,0.76	0.3,0.24	0.64	0	0.1	10	0.27	0.45
fold_2024_07_15_09_15_at4g24840_atr13_group_model_0	-11.6	0.27,0.27	0.56,0.27,0.27,0.3	0.76,13.44,14.51,0.76	0.56,0.3	0.19	0	0.27	10	0.51	0.41
fold_2024_07_15_09_16_at4g24840_harxl73_model_0	-22.1	0.28,0.28	0.58,0.28,0.28,0.36	0.76,4.25,4.35,0.76	0.58,0.36	0.16	0	0.28	10	0.44	0.39
fold_2024_07_15_09_16_at4g24840_harxll60_model_0	-12.7	0.17,0.17	0.63,0.17,0.17,0.17	0.76,20.15,18.95,0.76	0.63,0.17	0.2	0	0.17	10	0.54	0.34
fold_2024_07_15_09_17_at4g24840_harxll73_group_model_0	-22.7	0.16,0.16	0.59,0.16,0.16,0.22	0.76,19.34,19.34,0.76	0.59,0.22	0.24	0	0.16	10	0.51	0.35
fold_2024_07_15_09_18_at4g24840_harxll516_waco9_model_0	-14.8	0.19,0.19	0.58,0.19,0.19,0.21	0.76,19.2,19.61,0.76	0.58,0.21	0.18	0	0.19	10	0.47	0.34
fold_2024_07_15_09_18_at4g25200_atr1_group_model_0	-10.3	0.15,0.15	0.4,0.15,0.15,0.74	0.76,20,14.2,0.76	0.4,0.74	0.32	0	0.15	10	0.49	0.38
fold_2024_07_15_09_18_at4g25200_harxll455_model_0		0.06,0.06	0.44,0.06,0.06,0.15	0.76,22.26,22.1,0.77	0.44,0.15	0.68	0	0.06	10	0.38	0.47
fold_2024_07_15_09_19_at4g25920_harxl44_model_0	-10.4	0.15,0.15	0.81,0.15,0.15,0.18	0.76,17.47,14.81,0.76	0.81,0.18	0.27	0	0.15	10	0.68	0.39
fold_2024_07_15_09_19_at4g26110_harxl79_model_0	-12.7	0.57,0.57	0.62,0.57,0.57,0.45	0.76,2.01,1.86,0.76	0.62,0.45	0.33	0	0.57	10	0.57	0.74
fold_2024_07_16_17_42_at2g35500_harxll445_group_model_0	-13.5	0.24,0.24	0.73,0.24,0.24,0.21	0.76,12.21,10.88,0.76	0.73,0.21	0.35	0	0.24	10	0.62	0.49
fold_2024_07_16_17_42_at2g38750_harxl45_group_model_0	-8.0	0.13,0.13	0.89,0.13,0.13,0.09	0.76,8.18,12.65,0.77	0.89,0.09	0.25	0	0.13	10	0.71	0.37
fold_2024_07_16_17_43_at2g39760_hopq1_1_group_model_0	-11.5	0.18,0.18	0.46,0.18,0.18,0.78	0.76,19.62,22.86,0.76	0.46,0.78	0.16	0	0.18	10	0.48	0.32
fold_2024_07_16_17_44_at2g41350_atr13_group_model_0	-5.5	0.08,0.08	0.23,0.08,0.08,0.26	0.77,24.86,27.58,0.76	0.23,0.26	0.27	0	0.08	10	0.19	0.23
fold_2024_07_16_17_45_at2g41350_harxl73_model_0	-34.2	0.16,0.16	0.22,0.16,0.16,0.36	0.76,16.31,18.83,0.76	0.22,0.36	0.15	0	0.16	10	0.28	0.26
fold_2024_07_16_17_45_at2g41350_harxll455_model_0	-5.6	0.1,0.1	0.32,0.1,0.1,0.28	0.76,20.43,20.3,0.76	0.32,0.28	0.63	0	0.1	10	0.3	0.45
fold_2024_07_16_17_46_at2g41350_harxll516_waco9_model_0	-12.3	0.1,0.1	0.21,0.1,0.1,0.2	0.77,24.74,24.95,0.76	0.21,0.2	0.16	0	0.1	10	0.18	0.19
fold_2024_07_16_17_47_at2g44010_harxll445_group_model_0	-10.0	0.13,0.13	0.17,0.13,0.13,0.25	0.77,12.01,14.15,0.76	0.17,0.25	0.33	0	0.13	10	0.2	0.31
fold_2024_07_16_17_47_at2g44950_atr1_group_model_0	-9.1	0.14,0.14	0.23,0.14,0.14,0.66	0.76,28.04,26.95,0.76	0.23,0.66	0.2	0	0.14	10	0.28	0.27
fold_2024_07_16_17_48_at2g44950_harxll516_waco9_model_0	-11.5	0.13,0.13	0.2,0.13,0.13,0.21	0.76,28.76,29.2,0.76	0.2,0.21	0.12	0	0.13	10	0.2	0.2
fold_2024_07_16_17_49_at2g44950_harxll73_group_model_0	-30.2	0.14,0.14	0.2,0.14,0.14,0.22	0.76,22.55,21.24,0.76	0.2,0.22	0.25	0	0.14	10	0.2	0.28
fold_2024_07_16_17_49_at2g45660_harxl45_group_model_0	-9.4	0.12,0.12	0.39,0.12,0.12,0.09	0.76,5.45,10.83,0.77	0.39,0.09	0.65	0	0.12	10	0.3	0.48
fold_2024_07_16_17_50_at2g46420_harxll464_model_0	-18.0	0.28,0.28	0.29,0.28,0.28,0.19	0.76,1.89,2.07,0.76	0.29,0.19	0.64	0	0.28	10	0.3	0.61
fold_2024_07_16_17_50_at2g47060_avrb_group_model_0	-16.1	0.49,0.49	0.75,0.49,0.49,0.81	0.76,8.52,9.23,0.76	0.75,0.81	0.15	0	0.49	10	0.65	0.6
fold_2024_07_16_17_51_at3g01500_harxll470_waco9_model_0	-11.4	0.26,0.26	0.7,0.26,0.26,0.72	0.76,16.54,18,0.76	0.7,0.72	0.19	0	0.26	10	0.51	0.4
fold_2024_07_16_17_52_at3g02150_atr1_group_model_0	-17.6	0.43,0.43	0.2,0.43,0.43,0.75	0.76,4.94,4.39,0.76	0.2,0.75	0.42	0	0.43	10	0.46	0.65
fold_2024_07_16_17_52_at3g02150_hopbb1_pmo_model_0	-17.4	0.19,0.19	0.25,0.19,0.19,0.68	0.76,13.42,12.11,0.76	0.25,0.68	0.46	0	0.19	10	0.43	0.47
fold_2024_07_16_17_53_at3g02150_hopr1_group_model_0	-35.5	0.22,0.22	0.12,0.22,0.22,0.69	0.76,19.84,18.85,0.76	0.12,0.69	0.14	0	0.22	10	0.64	0.37
fold_2024_07_16_17_54_at3g06720_harxl106_group_model_0	-20.4	0.65,0.65	0.77,0.65,0.65,0.36	0.76,3.48,2.78,0.76	0.77,0.36	0.24	0	0.65	10	0.62	0.76
fold_2024_07_16_17_54_at3g07780_harxl21_model_0	-22.9	0.3,0.3	0.41,0.3,0.3,0.63	0.76,14.14,14.26,0.76	0.41,0.63	0.31	0	0.3	10	0.37	0.46
fold_2024_07_17_14_43_at3g07780_hopf_group_model_0	-15.9	0.2,0.2	0.42,0.2,0.2,0.71	0.76,19.32,15.85,0.76	0.42,0.71	0.3	0	0.2	10	0.38	0.39
fold_2024_07_17_14_46_at3g07780_hopo1_2_pto_model_0	-9.1	0.16,0.16	0.48,0.16,0.16,0.64	0.76,16.84,18.4,0.76	0.48,0.64	0.39	0	0.16	10	0.38	0.4
fold_2024_07_17_14_47_at3g07780_hopz_group_model_0	-18.0	0.23,0.23	0.42,0.23,0.23,0.61	0.76,16.35,13.73,0.76	0.42,0.61	0.33	0	0.23	10	0.36	0.42
fold_2024_07_17_14_48_at3g08530_atr13_group_model_0	-17.7	0.18,0.18	0.37,0.18,0.18,0.19	0.76,26.69,24.82,0.76	0.37,0.19	0.1	0	0.18	10	0.36	0.26
fold_2024_07_17_14_49_at3g08530_harxl73_model_0	-30.7	0.19,0.19	0.36,0.19,0.19,0.33	0.76,26.56,24.4,0.76	0.36,0.33	0.07	0	0.19	10	0.34	0.25
fold_2024_07_17_14_52_at3g09630_harxll470_waco9_model_0	-8.3	0.18,0.18	0.61,0.18,0.18,0.66	0.76,20.48,20.52,0.76	0.61,0.66	0.17	0	0.18	10	0.41	0.31
fold_2024_07_17_14_52_at3g09980_harxll516_waco9_model_0	-6.2	0.08,0.08	0.32,0.08,0.08,0.2	0.76,23.92,24.3,0.76	0.32,0.2	0.48	0	0.08	10	0.2	0.34
fold_2024_07_17_16_30_at3g10250_harxll464_model_0	-13.3	0.34,0.34	0.34,0.34,0.34,0.22	0.76,1.57,1.66,0.76	0.34,0.22	0.54	0	0.34	10	0.32	0.6
fold_2024_07_17_16_33_at3g11590_harxll470_waco9_model_0	-18.8	0.28,0.28	0.17,0.28,0.28,0.77	0.76,14.26,14.8,0.76	0.17,0.77	0.45	0	0.28	10	0.42	0.53
fold_2024_07_17_16_33_at3g11590_hopag1_psy_model_0	-12.8	0.21,0.21	0.21,0.21,0.21,0.6	0.76,20.09,16.39,0.76	0.21,0.6	0.36	0	0.21	10	0.45	0.44
fold_2024_07_17_16_34_at3g11590_hopz_group_model_0	-6.6	0.13,0.13	0.25,0.13,0.13,0.65	0.76,26.45,23.79,0.76	0.25,0.65	0.56	0	0.13	10	0.38	0.46
fold_2024_07_17_16_35_at3g11720_hopm1_group_model_0	-12.7	0.15,0.15	0.41,0.15,0.15,0.47	0.76,22.86,22.89,0.76	0.41,0.47	0.29	0	0.15	10	0.36	0.34
fold_2024_07_17_16_35_at3g13720_harxl74_model_0	-8.2	0.08,0.08	0.34,0.08,0.08,0.27	0.76,18.01,16.71,0.76	0.34,0.27	0.47	0	0.08	10	0.29	0.35
fold_2024_07_17_16_37_at3g16310_harxll493_model_0	-4.8	0.11,0.11	0.29,0.11,0.11,0.26	0.76,23.46,21.76,0.76	0.29,0.26	0.45	0	0.11	10	0.21	0.35
fold_2024_07_17_16_37_at3g17410_avrb_group_model_0	-17.7	0.61,0.61	0.76,0.61,0.61,0.82	0.76,4.9,4.74,0.76	0.76,0.82	0.15	0	0.61	10	0.69	0.7
fold_2024_07_17_16_44_at3g17860_harxl10_waco9_model_0	-8.5	0.15,0.15	0.16,0.15,0.15,0.26	0.76,17.08,17.72,0.76	0.16,0.26	0.61	0	0.15	10	0.19	0.46
fold_2024_07_17_16_44_at3g17860_hopbb1_pmo_model_0	-11.8	0.43,0.43	0.17,0.43,0.43,0.68	0.76,6.55,7.54,0.76	0.17,0.68	0.6	0	0.43	10	0.39	0.72
fold_2024_07_17_16_45_at3g17860_hopr1_group_model_0	-25.2	0.23,0.23	0.14,0.23,0.23,0.69	0.76,20.81,22.83,0.76	0.14,0.69	0.16	0	0.23	10	0.62	0.39
fold_2024_07_18_11_48_at5g52750_atr13_group_model_0	-4.2	0.05,0.05	0.44,0.05,0.05,0.36	0.76,22.18,27.67,0.76	0.44,0.36	0.46	0	0.05	10	0.25	0.32
fold_2024_07_18_11_49_at5g55100_atr1_group_model_0	-11.2	0.26,0.26	0.18,0.26,0.26,0.75	0.76,16.11,21.01,0.76	0.18,0.75	0.65	0	0.26	10	0.34	0.6
fold_2024_07_18_11_50_at5g55100_harxl21_model_0	-24.2	0.55,0.55	0.19,0.55,0.55,0.61	0.76,4.13,6.14,0.76	0.19,0.61	0.58	0	0.55	10	0.37	0.8
fold_2024_07_18_11_50_at5g55100_harxll470_waco9_model_0	-21.9	0.33,0.33	0.18,0.33,0.33,0.77	0.76,13.64,14.15,0.76	0.18,0.77	0.63	0	0.33	10	0.39	0.65
fold_2024_07_18_11_51_at5g56250_harxll470_waco9_model_0	-19.7	0.36,0.36	0.14,0.36,0.36,0.75	0.76,11.83,13.12,0.76	0.14,0.75	0.66	0	0.36	10	0.35	0.69
fold_2024_07_18_11_52_at5g56290_harxll73_group_model_0	-15.0	0.43,0.43	0.43,0.43,0.43,0.21	0.76,1.31,1.29,0.76	0.43,0.21	0.45	0	0.43	10	0.42	0.65
fold_2024_07_18_11_52_at5g56950_harxl79_model_0	-11.3	0.16,0.16	0.58,0.16,0.16,0.45	0.76,14.66,13.9,0.76	0.58,0.45	0.4	0	0.16	10	0.46	0.42
fold_2024_07_18_11_53_at5g56950_harxll73_group_model_0	-10.7	0.23,0.23	0.59,0.23,0.23,0.31	0.76,9.71,10.02,0.76	0.59,0.31	0.43	0	0.23	10	0.47	0.49
fold_2024_07_18_11_55_at5g57210_atr13_group_model_0	-16.6	0.29,0.29	0.51,0.29,0.29,0.3	0.76,8.99,8.39,0.76	0.51,0.3	0.37	0	0.29	10	0.48	0.51
fold_2024_07_18_11_56_at5g57210_harxll470_waco9_model_0	-28.2	0.27,0.27	0.5,0.27,0.27,0.71	0.76,16.64,17.41,0.76	0.5,0.71	0.29	0	0.27	10	0.43	0.44
fold_2024_07_18_11_56_at5g58720_atr13_group_model_0	-17.4	0.14,0.14	0.39,0.14,0.14,0.28	0.76,21.32,20.02,0.76	0.39,0.28	0.43	0	0.14	10	0.34	0.39
fold_2024_07_18_11_57_at5g58720_harxll470_waco9_model_0	-17.0	0.27,0.27	0.24,0.27,0.27,0.75	0.76,12.67,15.05,0.76	0.24,0.75	0.32	0	0.27	10	0.4	0.45
fold_2024_07_18_11_59_at5g59650_hopab_group_model_0	-30.9	0.34,0.34	0.55,0.34,0.34,0.27	0.76,11.62,7.85,0.76	0.55,0.27	0.24	0	0.34	10	0.43	0.47
fold_2024_07_18_12_00_at5g59670_hopab_group_model_0	-37.0	0.35,0.35	0.55,0.35,0.35,0.34	0.76,7.81,4.26,0.76	0.55,0.34	0.21	0	0.35	10	0.41	0.47
fold_2024_07_18_12_00_at5g60120_hopbb1_pmo_model_0	-15.8	0.36,0.36	0.24,0.36,0.36,0.68	0.76,7.14,6.21,0.76	0.24,0.68	0.58	0	0.36	10	0.35	0.65
fold_2024_07_18_12_01_at5g60120_hopr1_group_model_0	-24.7	0.23,0.23	0.23,0.23,0.23,0.63	0.76,18.51,18.66,0.76	0.23,0.63	0.18	0	0.23	10	0.56	0.38
fold_2024_07_18_12_02_at5g61390_harxll516_waco9_model_0	-6.9	0.24,0.24	0.41,0.24,0.24,0.29	0.76,9.42,9.73,0.76	0.41,0.29	0.15	0	0.24	10	0.36	0.34
fold_2024_07_21_23_27_at3g47620_hopbf1_pla_model_0	-9.0	0.33,0.33	0.18,0.33,0.33,0.88	0.76,8.49,6.05,0.76	0.18,0.88	0.57	0	0.33	10	0.44	0.63
fold_2024_07_21_23_28_at3g48150_atr13_group_model_0	-18.5	0.14,0.14	0.71,0.14,0.14,0.32	0.76,22.04,22.49,0.76	0.71,0.32	0.15	0	0.14	10	0.6	0.31
fold_2024_07_21_23_29_at3g48150_atr1_group_model_0	-11.2	0.2,0.2	0.73,0.2,0.2,0.67	0.76,14.24,15.76,0.76	0.73,0.67	0.09	0	0.2	10	0.56	0.32
fold_2024_07_21_23_29_at3g48150_avrb_group_model_0	-21.4	0.18,0.18	0.65,0.18,0.18,0.76	0.76,21.21,21.87,0.76	0.65,0.76	0.1	0	0.18	10	0.49	0.29
fold_2024_07_21_23_30_at3g48150_avrc_group_model_0	-13.3	0.23,0.23	0.71,0.23,0.23,0.76	0.76,12.58,14.56,0.76	0.71,0.76	0.11	0	0.23	10	0.53	0.34
fold_2024_07_21_23_30_at3g48150_harxll445_group_model_0	-19.3	0.23,0.23	0.74,0.23,0.23,0.23	0.76,13.67,14.97,0.76	0.74,0.23	0.16	0	0.23	10	0.67	0.4
fold_2024_07_21_23_31_at3g48150_harxll516_waco9_model_0	-13.0	0.19,0.19	0.7,0.19,0.19,0.23	0.76,21.28,21.36,0.76	0.7,0.23	0.07	0	0.19	10	0.54	0.3
fold_2024_07_21_23_32_at3g48150_harxll60_model_0	-14.0	0.27,0.27	0.76,0.27,0.27,0.21	0.76,13.61,14.47,0.76	0.76,0.21	0.18	0	0.27	10	0.63	0.43
fold_2024_07_21_23_32_at3g48150_hopo1_2_pto_model_0	-9.3	0.18,0.18	0.68,0.18,0.18,0.63	0.76,21.58,19.91,0.76	0.68,0.63	0.16	0	0.18	10	0.54	0.33
fold_2024_07_21_23_33_at3g48550_hopr1_group_model_0	-26.3	0.27,0.27	0.2,0.27,0.27,0.72	0.76,15.13,12.12,0.76	0.2,0.72	0.09	0	0.27	10	0.7	0.4
fold_2024_07_21_23_34_at3g49160_harxll445_group_model_0	-10.0	0.17,0.17	0.64,0.17,0.17,0.24	0.76,20.5,19.71,0.76	0.64,0.24	0.18	0	0.17	10	0.58	0.34
fold_2024_07_21_23_34_at3g49570_avrc_group_model_0	-7.6	0.14,0.14	0.33,0.14,0.14,0.79	0.76,18.42,16.31,0.76	0.33,0.79	0.22	0	0.14	10	0.66	0.36
fold_2024_07_21_23_35_at3g49570_hopr1_group_model_0	-23.3	0.23,0.23	0.24,0.23,0.23,0.69	0.76,20.6,21.7,0.76	0.24,0.69	0.09	0	0.23	10	0.68	0.36
fold_2024_07_21_23_36_at3g49570_hopv1_group_model_0	-8.7	0.11,0.11	0.34,0.11,0.11,0.62	0.76,23.78,20.02,0.76	0.34,0.62	0.32	0	0.11	10	0.53	0.35
fold_2024_07_21_23_36_at3g49580_avrb_group_model_0	-8.6	0.17,0.17	0.35,0.17,0.17,0.82	0.76,15.7,14.46,0.76	0.35,0.82	0.29	0	0.17	10	0.68	0.42
fold_2024_07_21_23_37_at3g49580_avrc_group_model_0	-7.7	0.15,0.15	0.31,0.15,0.15,0.8	0.76,16.48,12.09,0.76	0.31,0.8	0.23	0	0.15	10	0.67	0.37
fold_2024_07_21_23_38_at3g49580_avrrpm1_group_model_0	-6.4	0.1,0.1	0.43,0.1,0.1,0.63	0.76,17.58,22.27,0.76	0.43,0.63	0.44	0	0.1	10	0.49	0.4
fold_2024_07_21_23_38_at3g49580_hopat1_pph_model_0	-7.4	0.11,0.11	0.54,0.11,0.11,0.23	0.76,10.26,10.43,0.76	0.54,0.23	0.82	0	0.11	10	0.39	0.58
fold_2024_07_21_23_39_at3g49580_hopf3_pmp_model_0	-6.6	0.1,0.1	0.6,0.1,0.1,0.16	0.76,16.04,16.32,0.77	0.6,0.16	0.64	0	0.1	10	0.45	0.49
fold_2024_07_21_23_39_at3g49580_hopg1_group_model_0	-18.3	0.14,0.14	0.29,0.14,0.14,0.59	0.76,16.43,15.35,0.76	0.29,0.59	0.28	0	0.14	10	0.53	0.36
fold_2024_07_24_16_18_at1g27300_harxll495_model_0	-7.0	0.11,0.11	0.19,0.11,0.11,0.26	0.76,19.65,19.67,0.76	0.19,0.26	0.41	0	0.11	10	0.22	0.34
fold_2024_07_24_16_19_at1g27300_harxll493_model_0	-4.6	0.14,0.14	0.3,0.14,0.14,0.24	0.76,8.78,10.83,0.76	0.3,0.24	0.96	0	0.14	10	0.26	0.64
fold_2024_07_24_16_26_at1g29990_hopao1_group_model_0	-18.1	0.14,0.14	0.62,0.14,0.14,0.64	0.76,21.91,21.81,0.76	0.62,0.64	0.1	0	0.14	10	0.54	0.27
fold_2024_07_24_16_27_at1g30860_atr13_group_model_0	-15.4	0.14,0.14	0.16,0.14,0.14,0.27	0.76,24.01,23.94,0.76	0.16,0.27	0.63	0	0.14	10	0.17	0.46
fold_2024_07_24_16_27_at1g32230_harxl106_group_model_0	-23.9	0.23,0.23	0.37,0.23,0.23,0.51	0.76,12.97,9.8,0.76	0.37,0.51	0.4	0	0.23	10	0.32	0.45
fold_2024_07_24_16_28_at1g45145_harxl68_model_0	-6.8	0.52,0.52	0.86,0.52,0.52,0.25	0.76,4.3,3.8,0.76	0.86,0.25	0.1	0	0.52	10	0.63	0.59
fold_2024_07_24_16_28_at1g50420_harxl10_waco9_model_0	-8.8	0.14,0.14	0.77,0.14,0.14,0.19	0.76,22.09,21.98,0.76	0.77,0.19	0.16	0	0.14	10	0.58	0.31
fold_2024_07_24_16_29_at1g54060_harxl106_group_model_0	-13.7	0.18,0.18	0.28,0.18,0.18,0.58	0.76,15.8,15.41,0.76	0.28,0.58	0.55	0	0.18	10	0.33	0.49
fold_2024_07_24_16_30_at1g54060_harxll455_model_0	-6.2	0.36,0.36	0.3,0.36,0.36,0.34	0.76,8.86,7.36,0.76	0.3,0.34	0.71	0	0.36	10	0.28	0.7
fold_2024_07_24_16_35_at1g54060_harxll470_waco9_model_0	-18.0	0.44,0.44	0.28,0.44,0.44,0.77	0.76,6.22,5.58,0.76	0.28,0.77	0.44	0	0.44	10	0.48	0.67
fold_2024_07_24_16_39_at1g63860_atr13_group_model_0	-16.0	0.23,0.23	0.5,0.23,0.23,0.25	0.76,17.7,22.45,0.76	0.5,0.25	0.14	0	0.23	10	0.47	0.35
fold_2024_07_24_16_39_at1g67170_harxll470_waco9_model_0	-9.0	0.14,0.14	0.2,0.14,0.14,0.78	0.76,18.54,16.36,0.76	0.2,0.78	0.54	0	0.14	10	0.45	0.47
fold_2024_07_24_16_40_at1g69370_harxll516_waco9_model_0	-15.0	0.1,0.1	0.72,0.1,0.1,0.22	0.76,25.45,25.54,0.76	0.72,0.22	0.16	0	0.1	10	0.45	0.25
fold_2024_07_24_16_40_at1g69690_atr1_group_model_0	-12.4	0.59,0.59	0.22,0.59,0.59,0.75	0.76,3.1,3.51,0.76	0.22,0.75	0.51	0	0.59	10	0.49	0.83
fold_2024_07_24_16_41_at1g69690_avrrpm1_group_model_0	-9.2	0.29,0.29	0.21,0.29,0.29,0.69	0.76,8.98,9.02,0.76	0.21,0.69	0.6	0	0.29	10	0.36	0.61
fold_2024_07_24_16_41_at1g69690_harxl10_waco9_model_0	-20.0	0.19,0.19	0.18,0.19,0.19,0.25	0.76,13.18,12.79,0.76	0.18,0.25	0.51	0	0.19	10	0.2	0.45
fold_2024_07_24_16_42_at1g69690_harxl16_model_0	-17.4	0.16,0.16	0.17,0.16,0.16,0.22	0.76,16.76,17.25,0.76	0.17,0.22	0.58	0	0.16	10	0.18	0.46
fold_2024_07_24_16_43_at1g69690_hopbb1_pmo_model_0	-15.2	0.24,0.24	0.21,0.24,0.24,0.68	0.76,9.06,6.53,0.76	0.21,0.68	0.56	0	0.24	10	0.41	0.55
fold_2024_07_24_16_43_at1g76850_atr1_group_model_0	-12.9	0.19,0.19	0.49,0.19,0.19,0.66	0.76,25.3,23.83,0.76	0.49,0.66	0.25	0	0.19	10	0.44	0.36
fold_2024_07_28_16_08_at1g76850_harxl62_model_0	-15.3	0.29,0.29	0.51,0.29,0.29,0.24	0.76,13.17,11.34,0.76	0.51,0.24	0.31	0	0.29	10	0.49	0.48
fold_2024_07_28_16_08_at1g76850_harxll470_waco9_model_0	-8.7	0.18,0.18	0.47,0.18,0.18,0.68	0.76,22.74,20.47,0.76	0.47,0.68	0.24	0	0.18	10	0.42	0.35
fold_2024_07_28_16_09_at1g79430_harxll470_waco9_model_0	-13.6	0.38,0.38	0.21,0.38,0.38,0.79	0.76,9.52,8.9,0.76	0.21,0.79	0.45	0	0.38	10	0.53	0.64
fold_2024_07_28_16_09_at2g04740_hopf_group_model_0	-14.7	0.65,0.65	0.7,0.65,0.65,0.7	0.76,4.22,3.65,0.76	0.7,0.7	0.08	0	0.65	10	0.7	0.7
fold_2024_07_28_16_10_at2g21380_hopc1_pto_model_0	-15.5	0.2,0.2	0.39,0.2,0.2,0.41	0.76,22.9,22.72,0.76	0.39,0.41	0.31	0	0.2	10	0.36	0.39
fold_2024_07_28_16_10_at2g22480_harxlcrn15_model_0	-13.4	0.18,0.18	0.75,0.18,0.18,0.63	0.76,23.61,23.56,0.76	0.75,0.63	0.1	0	0.18	10	0.46	0.29
fold_2024_07_28_16_11_at2g23290_atr13_group_model_0	-12.1	0.16,0.16	0.27,0.16,0.16,0.32	0.76,15.56,15.02,0.76	0.27,0.32	0.52	0	0.16	10	0.22	0.43
fold_2024_07_28_16_11_at2g23290_harxl14_model_0	-16.3	0.21,0.21	0.34,0.21,0.21,0.25	0.76,11.78,11.23,0.76	0.34,0.25	0.56	0	0.21	10	0.31	0.51
fold_2024_07_28_16_11_at2g23290_harxl73_model_0	-14.3	0.14,0.14	0.23,0.14,0.14,0.38	0.76,19.67,19.62,0.76	0.23,0.38	0.36	0	0.14	10	0.31	0.36
fold_2024_07_28_16_12_at2g23290_harxl8_model_0	-7.2	0.18,0.18	0.28,0.18,0.18,0.62	0.76,13.35,16.01,0.76	0.28,0.62	0.51	0	0.18	10	0.28	0.45
fold_2024_07_28_16_12_at2g23290_harxll60_model_0	-18.8	0.16,0.16	0.28,0.16,0.16,0.21	0.76,11.78,12.85,0.76	0.28,0.21	0.53	0	0.16	10	0.24	0.45
fold_2024_07_28_16_13_at2g23420_atr13_group_model_0	-6.6	0.15,0.15	0.87,0.15,0.15,0.31	0.76,17.03,19.08,0.76	0.87,0.31	0.09	0	0.15	10	0.71	0.3
fold_2024_07_28_16_13_at2g23420_atr1_group_model_0	-8.1	0.2,0.2	0.82,0.2,0.2,0.58	0.76,19.96,19.4,0.76	0.82,0.58	0.03	0	0.2	10	0.62	0.3
fold_2024_07_28_16_14_at2g23420_harxll437_model_0	-13.6	0.16,0.16	0.85,0.16,0.16,0.16	0.76,18.97,19.48,0.76	0.85,0.16	0.14	0	0.16	10	0.69	0.34
fold_2024_07_28_16_14_at2g25650_harxl45_group_model_0	-10.9	0.16,0.16	0.34,0.16,0.16,0.18	0.76,13.55,15.46,0.76	0.34,0.18	0.65	0	0.16	10	0.31	0.51
fold_2024_07_28_16_15_at2g27480_harxll445_group_model_0	-9.7	0.2,0.2	0.68,0.2,0.2,0.5	0.76,15.58,15.6,0.76	0.68,0.5	0.22	0	0.2	10	0.53	0.37
fold_2024_07_28_16_15_at2g28890_hopa1_pto_model_0	-18.0	0.62,0.62	0.62,0.62,0.62,0.65	0.76,1.83,1.94,0.76	0.62,0.65	0.23	0	0.62	10	0.63	0.73
fold_2024_07_28_16_16_at2g31260_harxll60_model_0	-6.4	0.18,0.18	0.63,0.18,0.18,0.2	0.76,17.22,17.9,0.76	0.63,0.2	0.37	0	0.18	10	0.55	0.44
fold_2024_07_28_16_16_at2g34710_harxl45_group_model_0	-16.7	0.18,0.18	0.64,0.18,0.18,0.13	0.76,16.11,18.28,0.77	0.64,0.13	0.2	0	0.18	10	0.59	0.36
fold_2024_07_28_16_17_at2g34970_harxll429_model_0	-7.7	0.14,0.14	0.57,0.14,0.14,0.2	0.76,26.57,27.38,0.76	0.57,0.2	0.31	0	0.14	10	0.4	0.34
fold_2024_07_28_16_19_at5g20030_hopbf1_pla_model_0	-18.6	0.17,0.17	0.39,0.17,0.17,0.88	0.76,17,17.27,0.76	0.39,0.88	0.23	0	0.17	10	0.52	0.35
fold_2024_07_28_16_19_at5g22290_hopd1_group_model_0	-13.7	0.25,0.25	0.44,0.25,0.25,0.57	0.76,12.35,13.58,0.76	0.44,0.57	0.27	0	0.25	10	0.49	0.44
fold_2024_07_28_16_20_at5g22310_atr13_group_model_0	-11.9	0.17,0.17	0.27,0.17,0.17,0.28	0.76,15.37,16.82,0.76	0.27,0.28	0.59	0	0.17	10	0.26	0.49
fold_2024_07_28_16_21_at5g22310_harxl45_group_model_0	-11.5	0.09,0.09	0.31,0.09,0.09,0.15	0.76,26.51,22.12,0.77	0.31,0.15	0.69	0	0.09	10	0.29	0.48
fold_2024_07_28_16_21_at5g22310_harxll470_waco9_model_0	-12.1	0.18,0.18	0.22,0.18,0.18,0.75	0.76,17.87,16.61,0.76	0.22,0.75	0.52	0	0.18	10	0.4	0.49
fold_2024_07_28_16_22_at5g22630_harxll73_group_model_0	-19.7	0.12,0.12	0.58,0.12,0.12,0.22	0.76,25.01,21.91,0.76	0.58,0.22	0.4	0	0.12	10	0.46	0.39
fold_2024_07_28_16_23_at5g24660_atr13_group_model_0	-9.9	0.16,0.16	0.43,0.16,0.16,0.29	0.76,15.05,14.97,0.76	0.43,0.29	0.47	0	0.16	10	0.29	0.42
fold_2024_07_28_16_23_at5g24660_harxll60_model_0	-13.0	0.13,0.13	0.48,0.13,0.13,0.25	0.76,12.27,12.7,0.76	0.48,0.25	0.48	0	0.13	10	0.3	0.4
fold_2024_07_28_16_23_at5g24660_hopz_group_model_0	-9.9	0.11,0.11	0.45,0.11,0.11,0.63	0.76,20.99,19.81,0.76	0.45,0.63	0.39	0	0.11	10	0.54	0.39
fold_2024_07_28_16_24_at5g25070_harxll446_model_0	-10.1	0.5,0.5	0.54,0.5,0.5,0.36	0.76,3.79,3.58,0.76	0.54,0.36	0.27	0	0.5	10	0.53	0.64
fold_2024_07_28_16_24_at5g27860_harxl44_model_0	-7.7	0.06,0.06	0.16,0.06,0.06,0.21	0.76,24.46,23.01,0.77	0.16,0.21	0.98	0	0.06	10	0.14	0.56
fold_2024_07_28_16_25_at5g42980_harxl68_model_0	-11.0	0.18,0.18	0.78,0.18,0.18,0.28	0.76,9.45,11.68,0.76	0.78,0.28	0.15	0	0.18	10	0.55	0.33
fold_2024_07_28_16_25_at5g43700_hoph1_group_model_0	-10.3	0.68,0.68	0.48,0.68,0.68,0.9	0.76,2.25,2.76,0.76	0.48,0.9	0.22	0	0.68	10	0.7	0.8
fold_2024_07_28_16_26_at5g49000_harxll470_waco9_model_0	-11.8	0.57,0.57	0.75,0.57,0.57,0.73	0.76,4.35,3.76,0.76	0.75,0.73	0.08	0	0.57	10	0.67	0.63
fold_2024_07_28_16_26_at5g50010_harxll60_model_0	-20.2	0.19,0.19	0.2,0.19,0.19,0.23	0.76,12.73,13.32,0.76	0.2,0.23	0.68	0	0.19	10	0.21	0.53
fold_2024_07_28_16_26_at5g51110_atr1_group_model_0	-17.8	0.12,0.12	0.52,0.12,0.12,0.55	0.76,22.41,22.18,0.76	0.52,0.55	0.25	0	0.12	10	0.39	0.3
fold_2024_07_28_16_27_at5g51910_avrb_group_model_0	-15.2	0.22,0.22	0.22,0.22,0.22,0.82	0.76,13.74,12.94,0.76	0.22,0.82	0.47	0	0.22	10	0.51	0.51
fold_2024_07_28_16_28_at5g51910_avrc_group_model_0	-15.4	0.22,0.22	0.22,0.22,0.22,0.8	0.76,12.76,13.32,0.76	0.22,0.8	0.46	0	0.22	10	0.52	0.51
fold_2024_07_28_16_28_at5g51910_harxl45_group_model_0	-4.9	0.09,0.09	0.28,0.09,0.09,0.09	0.76,14.87,12.91,0.77	0.28,0.09	0.88	0	0.09	10	0.24	0.56
fold_2024_07_29_16_37_at4g26110_harxll73_group_model_0	-12.4	0.16,0.16	0.61,0.16,0.16,0.24	0.76,12.74,12.99,0.76	0.61,0.24	0.42	0	0.16	10	0.47	0.43
fold_2024_07_29_16_37_at4g26450_harxll492_model_0	-5.1	0.24,0.24	0.14,0.24,0.24,0.24	0.76,8.91,9.05,0.76	0.14,0.24	0.91	0	0.24	10	0.17	0.68
fold_2024_07_29_16_38_at4g26450_harxll493_model_0	-30.7	0.12,0.12	0.13,0.12,0.12,0.24	0.76,25.16,24.32,0.76	0.13,0.24	0.03	0	0.12	10	0.19	0.15
fold_2024_07_29_16_38_at4g26450_harxll495_model_0	-7.1	0.18,0.18	0.14,0.18,0.18,0.24	0.76,11.61,12.01,0.76	0.14,0.24	0.96	0	0.18	10	0.16	0.66
fold_2024_07_29_16_39_at4g28640_atr13_group_model_0	-16.2	0.19,0.19	0.37,0.19,0.19,0.24	0.76,13.83,13.94,0.76	0.37,0.24	0.46	0	0.19	10	0.32	0.44
fold_2024_07_29_16_39_at4g28640_harxll470_waco9_model_0	-12.4	0.15,0.15	0.37,0.15,0.15,0.76	0.76,17.16,15.23,0.76	0.37,0.76	0.32	0	0.15	10	0.52	0.38
fold_2024_07_29_16_40_at4g32190_atr13_group_model_0	-4.5	0.1,0.1	0.27,0.1,0.1,0.29	0.76,30.87,30.26,0.76	0.27,0.29	0.24	0	0.1	10	0.26	0.26
fold_2024_07_29_16_40_at4g32570_harxl16_model_0	-11.2	0.17,0.17	0.12,0.17,0.17,0.28	0.76,12.64,13.49,0.76	0.12,0.28	0.6	0	0.17	10	0.2	0.48
fold_2024_07_29_16_41_at4g34120_hopr1_group_model_0	-30.3	0.23,0.23	0.44,0.23,0.23,0.57	0.76,18.65,15.07,0.76	0.44,0.57	0.06	0	0.23	10	0.54	0.32
fold_2024_07_29_16_41_at4g34710_atr13_group_model_0	-12.4	0.13,0.13	0.69,0.13,0.13,0.22	0.76,26.11,24.71,0.76	0.69,0.22	0.12	0	0.13	10	0.59	0.28
fold_2024_07_29_16_42_at4g35580_harxll492_model_0	-12.3	0.17,0.17	0.36,0.17,0.17,0.28	0.76,11.82,9.67,0.76	0.36,0.28	0.7	0	0.17	10	0.32	0.55
fold_2024_07_29_16_42_at4g35580_harxll493_model_0	-9.3	0.13,0.13	0.32,0.13,0.13,0.25	0.76,20.6,22.11,0.76	0.32,0.25	0.53	0	0.13	10	0.24	0.42
fold_2024_07_29_16_43_at4g35580_harxll495_model_0	-7.7	0.14,0.14	0.36,0.14,0.14,0.17	0.76,15.58,14.63,0.76	0.36,0.17	0.76	0	0.14	10	0.32	0.56
fold_2024_07_29_16_43_at4g35580_harxll60_model_0	-11.5	0.19,0.19	0.35,0.19,0.19,0.27	0.76,16.75,17.04,0.76	0.35,0.27	0.59	0	0.19	10	0.31	0.51
fold_2024_07_29_16_44_at4g35580_hopd1_group_model_0	-13.2	0.21,0.21	0.33,0.21,0.21,0.56	0.76,16.13,18.46,0.76	0.33,0.56	0.37	0	0.21	10	0.41	0.44
fold_2024_07_29_16_44_at4g36540_hopp1_pto_model_0	-15.4	0.21,0.21	0.25,0.21,0.21,0.49	0.76,9,11.66,0.76	0.25,0.49	0.61	0	0.21	10	0.32	0.54
fold_2024_07_29_16_45_at4g36970_harxll470_waco9_model_0	-16.0	0.36,0.36	0.14,0.36,0.36,0.8	0.76,8.98,6.23,0.76	0.14,0.8	0.58	0	0.36	10	0.46	0.67
fold_2024_07_29_16_45_at4g38800_hopaf1_group_model_0	-9.2	0.14,0.14	0.85,0.14,0.14,0.66	0.76,26.17,17.86,0.76	0.85,0.66	0.13	0	0.14	10	0.48	0.27
fold_2024_07_29_16_46_at4g39050_atr13_group_model_0	-15.1	0.16,0.16	0.39,0.16,0.16,0.24	0.76,22.15,23.14,0.76	0.39,0.24	0.34	0	0.16	10	0.37	0.37
fold_2024_07_29_16_46_at4g39050_harxl73_model_0	-25.3	0.16,0.16	0.36,0.16,0.16,0.34	0.76,26.79,27.12,0.76	0.36,0.34	0.31	0	0.16	10	0.32	0.34
fold_2024_07_29_16_47_at4g39050_harxl79_model_0	-18.1	0.16,0.16	0.37,0.16,0.16,0.36	0.76,18.44,19.8,0.76	0.37,0.36	0.43	0	0.16	10	0.35	0.41
fold_2024_07_29_16_48_at4g39050_hopc1_pto_model_0	-27.0	0.23,0.23	0.38,0.23,0.23,0.43	0.76,17.93,19.77,0.76	0.38,0.43	0.33	0	0.23	10	0.35	0.42
fold_2024_07_29_16_48_at4g39050_hopg1_group_model_0	-11.8	0.2,0.2	0.39,0.2,0.2,0.57	0.76,21.62,17.99,0.76	0.39,0.57	0.28	0	0.2	10	0.34	0.37
fold_2024_07_29_16_49_at4g39050_hopz_group_model_0	-15.3	0.23,0.23	0.39,0.23,0.23,0.65	0.76,20.48,19.83,0.76	0.39,0.65	0.29	0	0.23	10	0.35	0.4
fold_2024_07_29_16_49_at5g02050_harxl89_model_0	-13.1	0.24,0.24	0.63,0.24,0.24,0.24	0.76,10.76,10.51,0.76	0.63,0.24	0.58	0	0.24	10	0.49	0.58
fold_2024_07_29_16_50_at5g02150_atr13_group_model_0	-9.2	0.19,0.19	0.82,0.19,0.19,0.37	0.76,15.13,15.4,0.76	0.82,0.37	0.07	0	0.19	10	0.6	0.31
fold_2024_07_29_16_51_at5g02150_harxl73_model_0	-16.4	0.16,0.16	0.8,0.16,0.16,0.34	0.76,22.91,20.32,0.76	0.8,0.34	0.17	0	0.16	10	0.41	0.29
fold_2024_07_29_16_51_at5g06780_harxl73_model_0	-24.8	0.38,0.38	0.28,0.38,0.38,0.38	0.76,2.2,2.91,0.76	0.28,0.38	0.29	0	0.38	10	0.37	0.52
fold_2024_07_29_16_52_at5g06780_harxll516_waco9_model_0	-20.3	0.15,0.15	0.26,0.15,0.15,0.23	0.76,17.17,15.58,0.76	0.26,0.23	0.33	0	0.15	10	0.22	0.33
fold_2024_07_29_16_52_at5g06780_hopab_group_model_0	-15.9	0.25,0.25	0.27,0.25,0.25,0.47	0.76,8.97,12.91,0.76	0.27,0.47	0.42	0	0.25	10	0.39	0.49
fold_2024_07_29_16_53_at5g08330_harxl10_waco9_model_0	-5.9	0.11,0.11	0.26,0.11,0.11,0.25	0.76,22.21,21.08,0.76	0.26,0.25	0.45	0	0.11	10	0.21	0.35
fold_2024_07_29_16_53_at5g11980_harxl73_model_0	-21.7	0.21,0.21	0.54,0.21,0.21,0.35	0.76,19.45,17.66,0.76	0.54,0.35	0.24	0	0.21	10	0.4	0.37
fold_2024_07_29_16_54_at5g12230_harxl44_model_0	-5.2	0.06,0.06	0.23,0.06,0.06,0.22	0.76,26.31,24.91,0.77	0.23,0.22	0.92	0	0.06	10	0.19	0.54
fold_2024_07_29_16_54_at5g13810_hopx_group_model_0	-11.2	0.29,0.29	0.43,0.29,0.29,0.81	0.76,12.44,11.18,0.76	0.43,0.81	0.27	0	0.29	10	0.57	0.48
fold_2024_07_29_16_55_at5g14390_harxl68_model_0	-9.8	0.18,0.18	0.69,0.18,0.18,0.32	0.76,16.87,16.39,0.76	0.69,0.32	0.32	0	0.18	10	0.59	0.42
fold_2024_07_29_16_55_at5g16940_hopo1_2_pto_model_0	-17.6	0.13,0.13	0.69,0.13,0.13,0.62	0.76,22.59,21.48,0.76	0.69,0.62	0.19	0	0.13	10	0.48	0.29
fold_2024_07_29_16_55_at5g19480_harxl44_model_0	-5.2	0.06,0.06	0.17,0.06,0.06,0.22	0.76,25.73,24.22,0.77	0.17,0.22	0.98	0	0.06	10	0.15	0.57
fold_2024_07_29_16_56_at5g19480_harxll470_waco9_model_0	-19.9	0.33,0.33	0.12,0.33,0.33,0.8	0.77,9.05,8.66,0.76	0.12,0.8	0.38	0	0.33	10	0.58	0.57
fold_2024_07_29_16_56_at5g19990_hopbf1_pla_model_0	-11.5	0.12,0.12	0.49,0.12,0.12,0.86	0.76,25.95,25.53,0.76	0.49,0.86	0.11	0	0.12	10	0.46	0.24
fold_2024_07_29_16_57_at5g20000_hopbf1_pla_model_0	-8.3	0.14,0.14	0.5,0.14,0.14,0.86	0.76,23.84,22.7,0.76	0.5,0.86	0.11	0	0.14	10	0.48	0.26
fold_2024_07_30_14_00_at1g03960_harxll73_group_model_0	-13.5	0.27,0.27	0.7,0.27,0.27,0.24	0.76,10.52,11.15,0.76	0.7,0.24	0.31	0	0.27	10	0.57	0.49
fold_2024_07_30_14_01_at1g06510_harxl14_model_0	-15.0	0.1,0.1	0.4,0.1,0.1,0.18	0.76,21.89,20.03,0.76	0.4,0.18	0.46	0	0.1	10	0.31	0.38
fold_2024_07_30_14_01_at1g06510_harxl60_model_0	-7.0	0.09,0.09	0.43,0.09,0.09,0.2	0.76,22.63,24.26,0.76	0.43,0.2	0.32	0	0.09	10	0.32	0.3
fold_2024_07_30_14_01_at1g06510_harxl8_model_0	-9.9	0.14,0.14	0.43,0.14,0.14,0.51	0.76,21.78,21.3,0.76	0.43,0.51	0.29	0	0.14	10	0.34	0.33
fold_2024_07_30_14_02_at1g09270_harxl106_group_model_0	-18.4	0.61,0.61	0.78,0.61,0.61,0.28	0.76,4.03,3.2,0.76	0.78,0.28	0.24	0	0.61	10	0.61	0.73
fold_2024_07_30_14_03_at1g13030_harxll470_waco9_model_0	-20.1	0.39,0.39	0.23,0.39,0.39,0.73	0.76,8.66,12.07,0.76	0.23,0.73	0.44	0	0.39	10	0.38	0.61
fold_2024_07_30_14_03_at1g14340_harxl17_waco9_model_0	-7.9	0.1,0.1	0.46,0.1,0.1,0.18	0.76,20.37,19.92,0.76	0.46,0.18	0.31	0	0.1	10	0.29	0.29
fold_2024_07_30_14_04_at1g14920_avrb_group_model_0	-24.7	0.27,0.27	0.68,0.27,0.27,0.8	0.76,9.01,8.01,0.76	0.68,0.8	0.2	0	0.27	10	0.52	0.42
fold_2024_07_30_14_05_at1g15750_harxl21_model_0	-18.6	0.18,0.18	0.37,0.18,0.18,0.51	0.76,25.12,26.24,0.76	0.37,0.51	0.19	0	0.18	10	0.33	0.31
fold_2024_07_30_14_05_at1g17970_harxl44_model_0	-11.5	0.17,0.17	0.25,0.17,0.17,0.17	0.76,17.13,14.12,0.77	0.25,0.17	0.69	0	0.17	10	0.24	0.53
fold_2024_07_30_14_05_at1g17970_harxll470_waco9_model_0	-15.9	0.35,0.35	0.23,0.35,0.35,0.77	0.76,9.72,11.71,0.76	0.23,0.77	0.44	0	0.35	10	0.46	0.59
fold_2024_07_30_14_06_at1g18400_harxl16_model_0	-12.9	0.15,0.15	0.25,0.15,0.15,0.29	0.76,15.35,14.61,0.76	0.25,0.29	0.42	0	0.15	10	0.23	0.37
fold_2024_07_30_14_06_at1g22920_atr13_group_model_0	-11.0	0.13,0.13	0.56,0.13,0.13,0.27	0.76,17.35,16.24,0.76	0.56,0.27	0.17	0	0.13	10	0.43	0.27
fold_2024_07_30_14_07_at1g22920_atr1_group_model_0	-13.9	0.2,0.2	0.54,0.2,0.2,0.59	0.76,17.2,13.28,0.76	0.54,0.59	0.09	0	0.2	10	0.37	0.28
fold_2024_07_30_14_07_at1g22920_avrb_group_model_0	-15.5	0.2,0.2	0.54,0.2,0.2,0.8	0.76,16.39,14.31,0.76	0.54,0.8	0.17	0	0.2	10	0.49	0.35
fold_2024_07_30_14_08_at1g22920_avrc_group_model_0	-15.5	0.18,0.18	0.53,0.18,0.18,0.79	0.76,21.03,19.38,0.76	0.53,0.79	0.15	0	0.18	10	0.49	0.32
fold_2024_07_30_14_08_at1g22920_avrpto5_pma_model_0	-13.0	0.13,0.13	0.52,0.13,0.13,0.6	0.76,20.97,18.23,0.76	0.52,0.6	0.24	0	0.13	10	0.41	0.3
fold_2024_07_30_14_08_at1g22920_avrrpm1_group_model_0	-9.5	0.1,0.1	0.58,0.1,0.1,0.63	0.76,23.31,24.52,0.76	0.58,0.63	0.16	0	0.1	10	0.42	0.25
fold_2024_07_30_14_09_at1g22920_harxl10_waco9_model_0	-11.4	0.1,0.1	0.56,0.1,0.1,0.22	0.76,22.4,20.81,0.76	0.56,0.22	0.11	0	0.1	10	0.4	0.22
fold_2024_07_30_14_10_at4g02150_harxl106_group_model_0	-17.5	0.67,0.67	0.79,0.67,0.67,0.3	0.76,2.55,2.24,0.76	0.79,0.3	0.24	0	0.67	10	0.61	0.78
fold_2024_07_30_14_10_at4g02150_harxll445_group_model_0	-21.0	0.37,0.37	0.79,0.37,0.37,0.21	0.76,10.28,9.61,0.76	0.79,0.21	0.16	0	0.37	10	0.71	0.52
fold_2024_07_30_14_11_at4g02550_avrc_group_model_0	-17.7	0.2,0.2	0.44,0.2,0.2,0.8	0.76,13.98,10.97,0.76	0.44,0.8	0.21	0	0.2	10	0.51	0.36
fold_2024_07_30_14_11_at4g02550_harxl45_group_model_0	-7.5	0.19,0.19	0.5,0.19,0.19,0.11	0.76,6.14,8.85,0.77	0.5,0.11	0.48	0	0.19	10	0.41	0.47
fold_2024_07_30_14_12_at4g02590_atr1_group_model_0	-19.6	0.23,0.23	0.21,0.23,0.23,0.64	0.76,2.66,2.86,0.76	0.21,0.64	0.41	0	0.23	10	0.39	0.47
fold_2024_07_30_14_12_at4g02590_harxl10_waco9_model_0	-15.2	0.12,0.12	0.16,0.12,0.12,0.22	0.76,20.55,20.21,0.76	0.16,0.22	0.45	0	0.12	10	0.17	0.35
fold_2024_07_30_14_13_at4g02590_hopbb1_pmo_model_0	-13.8	0.26,0.26	0.21,0.26,0.26,0.68	0.76,8.98,5.83,0.76	0.21,0.68	0.43	0	0.26	10	0.42	0.51
fold_2024_07_30_14_14_at4g08150_hopab_group_model_0	-16.8	0.18,0.18	0.26,0.18,0.18,0.27	0.76,11.14,11.46,0.76	0.26,0.27	0.47	0	0.18	10	0.23	0.42
fold_2024_07_30_14_14_at4g09420_harxl65_model_0	-11.3	0.11,0.11	0.42,0.11,0.11,0.16	0.76,21.94,19.76,0.76	0.42,0.16	0.29	0	0.11	10	0.37	0.31
fold_2024_07_30_14_15_at4g11070_avrrps4_pph_model_0	-12.1	0.44,0.44	0.35,0.44,0.44,0.38	0.76,1.04,0.98,0.76	0.35,0.38	0.43	0	0.44	10	0.41	0.65
fold_2024_07_30_14_15_at4g11890_hopab_group_model_0	-23.0	0.67,0.67	0.78,0.67,0.67,0.28	0.76,3.7,3.27,0.76	0.78,0.28	0.31	0	0.67	10	0.47	0.78
fold_2024_07_30_14_16_at4g15140_harxll470_waco9_model_0	-15.1	0.25,0.25	0.12,0.25,0.25,0.8	0.76,12.71,9.93,0.76	0.12,0.8	0.39	0	0.25	10	0.61	0.52
fold_2024_07_30_14_16_at4g15545_harxll516_waco9_model_0	-8.6	0.11,0.11	0.24,0.11,0.11,0.19	0.76,23.72,23.36,0.76	0.24,0.19	0.39	0	0.11	10	0.2	0.32
fold_2024_07_30_14_17_at4g16143_harxl106_group_model_0	-19.0	0.64,0.64	0.78,0.64,0.64,0.26	0.76,3.22,2.65,0.76	0.78,0.26	0.24	0	0.64	10	0.61	0.75
fold_2024_07_30_14_17_at4g16380_harxl44_model_0		0.05,0.05	0.13,0.05,0.05,0.21	0.77,28.93,27.27,0.77	0.13,0.21	1	0	0.05	10	0.13	0.56
fold_2024_07_30_14_18_at4g17220_harxl73_model_0	-16.7	0.12,0.12	0.21,0.12,0.12,0.35	0.76,27.08,26.52,0.76	0.21,0.35	0.24	0	0.12	10	0.25	0.27
fold_2024_07_30_14_18_at4g17680_atr1_group_model_0	-7.3	0.13,0.13	0.22,0.13,0.13,0.63	0.76,17.32,14.27,0.76	0.22,0.63	0.46	0	0.13	10	0.38	0.41
fold_2024_07_30_14_19_at4g17680_avrb_group_model_0	-14.5	0.26,0.26	0.2,0.26,0.26,0.83	0.76,9.57,6.94,0.76	0.2,0.83	0.47	0	0.26	10	0.51	0.55